,0
0,https://www.youtube.com/watch?v=d0FfguKy0v4
1,https://www.youtube.com/watch?v=SKT8O_1CbFw
2,https://www.youtube.com/watch?v=gacI43aJNV4
3,https://www.youtube.com/watch?v=CY4WZ6QhSxM
4,https://www.youtube.com/watch?v=jdsKzdPF1D4
5,https://www.youtube.com/watch?v=9qdjzbHmRDs
6,https://www.youtube.com/watch?v=voMIDzP6_ls
7,https://www.youtube.com/watch?v=3mKbED6nVag
8,https://www.youtube.com/watch?v=egGfLG0g67o
9,https://www.youtube.com/watch?v=i2JRjD7WhIg
10,https://www.youtube.com/watch?v=YNkg54AKfJQ
11,https://www.youtube.com/watch?v=jAFeqmI2qhg
12,https://www.youtube.com/watch?v=-Iv_nJt0sB4
13,https://www.youtube.com/watch?v=lHBoiiMsj_o
14,https://www.youtube.com/watch?v=vib-Z_BXNZU
15,https://www.youtube.com/watch?v=Scdi8bcW4Q0
16,https://www.youtube.com/watch?v=_K62A5La7QQ
17,https://www.youtube.com/watch?v=jTaOE1APFsw
18,https://www.youtube.com/watch?v=Dp7ght2fMR4
19,https://www.youtube.com/watch?v=QIGsBh0XQWg
20,https://www.youtube.com/watch?v=usvgAR9qLVI
21,https://www.youtube.com/watch?v=FI2e2YeGAwc
22,https://www.youtube.com/watch?v=CYahh12bO7U
23,https://www.youtube.com/watch?v=tLp8cpD4aZA
24,https://www.youtube.com/watch?v=u0s3qbfEWjc
25,https://www.youtube.com/watch?v=SMtlcSlgoTc
26,https://www.youtube.com/watch?v=Fv3tQbOkz-E
27,https://www.youtube.com/watch?v=sEujXSaiUng
28,https://www.youtube.com/watch?v=ikBPnYwnUMU
29,https://www.youtube.com/watch?v=y27PYbZv-S4
30,https://www.youtube.com/watch?v=IxCV9ACX-Bg
31,https://www.youtube.com/watch?v=ZWTY9wh5Zfg
32,https://www.youtube.com/watch?v=5Lel-0zbskw
33,https://www.youtube.com/watch?v=RlLUdZHfeN0
34,https://www.youtube.com/watch?v=gAJLykny4_I
35,https://www.youtube.com/watch?v=Ep49o2SJSbA
36,https://www.youtube.com/watch?v=0-TNqbC7V98
37,https://www.youtube.com/watch?v=IDNztRpNwCY
38,https://www.youtube.com/watch?v=lb6D5hMaaNE
39,https://www.youtube.com/watch?v=5pU9BuvrCo0
40,https://www.youtube.com/watch?v=wTLxKPuJkEs
41,https://www.youtube.com/watch?v=m-eOxx4N9Fk
42,https://www.youtube.com/watch?v=hH5uhOTf4wM
43,https://www.youtube.com/watch?v=zVYFN4KOaGM
44,https://www.youtube.com/watch?v=45ZIRveYI08
45,https://www.youtube.com/watch?v=NW816zaR6xU
46,https://www.youtube.com/watch?v=J4OUucCT7MM
47,https://www.youtube.com/watch?v=ezU5oIGDayw
48,https://www.youtube.com/watch?v=wthCfEhDuts
49,https://www.youtube.com/watch?v=2bHmGvro_zQ
50,https://www.youtube.com/watch?v=B9eHO5k6lBI
51,https://www.youtube.com/watch?v=dSIsHHyTX48
52,https://www.youtube.com/watch?v=GgcxGmbCTpQ
53,https://www.youtube.com/watch?v=RA65qEjFDXE
54,https://www.youtube.com/watch?v=B5Bm2jqihaU
55,https://www.youtube.com/watch?v=LK6XFIHJQMg
56,https://www.youtube.com/watch?v=aSMGKPJkNpk
57,https://www.youtube.com/watch?v=9qHb6hQTGtk
58,https://www.youtube.com/watch?v=X2OnF2WFkOI
59,https://www.youtube.com/watch?v=UtFyFF7oBzM
60,https://www.youtube.com/watch?v=6nWiTA-tOOk
61,https://www.youtube.com/watch?v=k3WV_dHGI4E
62,https://www.youtube.com/watch?v=tQgGTI8wfqw
63,https://www.youtube.com/watch?v=b391bhVBZZg
64,https://www.youtube.com/watch?v=A6vcTIzp_Ww
65,https://www.youtube.com/watch?v=0kRo_t1TXC4
66,https://www.youtube.com/watch?v=jRuFja3_m48
67,https://www.youtube.com/watch?v=z7EArigjM0o
68,https://www.youtube.com/watch?v=jAkF49ypn1g
69,https://www.youtube.com/watch?v=XiiHmeOekQo
70,https://www.youtube.com/watch?v=5YgWaeq07As
71,https://www.youtube.com/watch?v=w7aH23Jyg58
72,https://www.youtube.com/watch?v=FsZyhqA9XaA
73,https://www.youtube.com/watch?v=bZfrRTn70hI
74,https://www.youtube.com/watch?v=kagJRJOqBxM
75,https://www.youtube.com/watch?v=L19Uat9TwpA
76,https://www.youtube.com/watch?v=PVDjxOJTliM
77,https://www.youtube.com/watch?v=U0SH685BBRA
78,https://www.youtube.com/watch?v=W5S5l3q45IM
79,https://www.youtube.com/watch?v=WQvj_nXyVwU
80,https://www.youtube.com/watch?v=uMC2J0cOj24
81,https://www.youtube.com/watch?v=3rdvLRVoawU
82,https://www.youtube.com/watch?v=IEOXf7IxgTA
83,https://www.youtube.com/watch?v=Cpxuxr1UZS4
84,https://www.youtube.com/watch?v=BsnD2vdLuPM
85,https://www.youtube.com/watch?v=8MV2sIrCTjA
86,https://www.youtube.com/watch?v=o9jrETIRW90
87,https://www.youtube.com/watch?v=WUyVbPCv064
88,https://www.youtube.com/watch?v=tt0RlEEkoSE
89,https://www.youtube.com/watch?v=LbobE6yTMac
90,https://www.youtube.com/watch?v=MmshomnBVmo
91,https://www.youtube.com/watch?v=D0dhFGuXFFI
92,https://www.youtube.com/watch?v=qzlCf6oFL4U
93,https://www.youtube.com/watch?v=QxG0RazBqu0
94,https://www.youtube.com/watch?v=QtlSiavM5q4
95,https://www.youtube.com/watch?v=Wamp3XnSHMQ
96,https://www.youtube.com/watch?v=2N8w3v80D5c
97,https://www.youtube.com/watch?v=pLuS54IoN5U
98,https://www.youtube.com/watch?v=62p6W6qHtNo
99,https://www.youtube.com/watch?v=VHNPogEguW0
100,https://www.youtube.com/watch?v=g5IFCUoRSJU
101,https://www.youtube.com/watch?v=ydSlyloNvr4
102,https://www.youtube.com/watch?v=Cor4ZBQdIew
103,https://www.youtube.com/watch?v=11WEbEaRlcs
104,https://www.youtube.com/watch?v=WTCeMeYe8Z4
105,https://www.youtube.com/watch?v=Eh6KNVfC4YE
106,https://www.youtube.com/watch?v=EErsKUy5250
107,https://www.youtube.com/watch?v=KV8U1cCo7UA
108,https://www.youtube.com/watch?v=HlmyaxPPbxU
109,https://www.youtube.com/watch?v=yj3DhasbTfE
110,https://www.youtube.com/watch?v=8HA96lG0NYA
111,https://www.youtube.com/watch?v=cNPIL7rhKUw
112,https://www.youtube.com/watch?v=7wj0GZoAyt0
113,https://www.youtube.com/watch?v=f-mWmhh7i0U
114,https://www.youtube.com/watch?v=Ut14nyHP5yk
115,https://www.youtube.com/watch?v=TpnBQ9bW4K8
116,https://www.youtube.com/watch?v=mJQWCeoblaI
117,https://www.youtube.com/watch?v=FtztBE1Zwu8
118,https://www.youtube.com/watch?v=eIUuXEZtcsw
119,https://www.youtube.com/watch?v=T5ruWvtd22M
120,https://www.youtube.com/watch?v=OgW7ETGN6FY
121,https://www.youtube.com/watch?v=3DEZ5A8qo8g
122,https://www.youtube.com/watch?v=3rLur19Xdok
123,https://www.youtube.com/watch?v=g7CIR169I6o
124,https://www.youtube.com/watch?v=9ZeLy2FqILU
125,https://www.youtube.com/watch?v=1bj_BvbqlBI
126,https://www.youtube.com/watch?v=gl610z5xaPE
127,https://www.youtube.com/watch?v=oFUwEEUrEB0
128,https://www.youtube.com/watch?v=5L-vEtfflus
129,https://www.youtube.com/watch?v=wGabObhnOqs
130,https://www.youtube.com/watch?v=hXw8eB7XhVM
131,https://www.youtube.com/watch?v=o2-HHgCVvnc
132,https://www.youtube.com/watch?v=esQAAF38qa4
133,https://www.youtube.com/watch?v=QjkqvWSw7ts
134,https://www.youtube.com/watch?v=wYnvgNuJ9FM
135,https://www.youtube.com/watch?v=YmwskGLycHo
136,https://www.youtube.com/watch?v=XKGJTMJVRBs
137,https://www.youtube.com/watch?v=JkRXhe3KaPE
138,https://www.youtube.com/watch?v=PA9iymey_lM
139,https://www.youtube.com/watch?v=s8WHY3Gusx0
140,https://www.youtube.com/watch?v=Ng5sHevRX3w
141,https://www.youtube.com/watch?v=cpUH4FIamYg
142,https://www.youtube.com/watch?v=XxOh12Uhg08
143,https://www.youtube.com/watch?v=cn5DsF9FXls
144,https://www.youtube.com/watch?v=YWTgoUqm3tY
145,https://www.youtube.com/watch?v=roheTIg6pmk
146,https://www.youtube.com/watch?v=ji5HwS3bhlU
147,https://www.youtube.com/watch?v=ZWgr7qP6yhY
148,https://www.youtube.com/watch?v=xSqol6GQRJw
149,https://www.youtube.com/watch?v=NiNYOZZLOyg
150,https://www.youtube.com/watch?v=xouh_K4WCNU
151,https://www.youtube.com/watch?v=_3_wHKO_b-k
152,https://www.youtube.com/watch?v=SR5aBhk1GgY
153,https://www.youtube.com/watch?v=O1D82XmPz5A
154,https://www.youtube.com/watch?v=1EBhUDAlrYU
155,https://www.youtube.com/watch?v=i-Uaz4H8S54
156,https://www.youtube.com/watch?v=PmIcyuPfbfk
157,https://www.youtube.com/watch?v=s2sSsSH2clE
158,https://www.youtube.com/watch?v=GboDfGzkRsQ
159,https://www.youtube.com/watch?v=WbH-XZjCq8k
160,https://www.youtube.com/watch?v=sXzezIK0d7c
161,https://www.youtube.com/watch?v=6ZKxcMKX4Mk
162,https://www.youtube.com/watch?v=AyrrZ4PCyws
163,https://www.youtube.com/watch?v=xjjmkg9J7Gg
164,https://www.youtube.com/watch?v=ZqpaKkIjU80
165,https://www.youtube.com/watch?v=Wz87G1ScO_M
166,https://www.youtube.com/watch?v=RstizCfMWi0
167,https://www.youtube.com/watch?v=K02JIslkOio
168,https://www.youtube.com/watch?v=pdZBH0G1nDc
169,https://www.youtube.com/watch?v=VzanUJpokFA
170,https://www.youtube.com/watch?v=08jP3syy888
171,https://www.youtube.com/watch?v=93tfrx9qdxo
172,https://www.youtube.com/watch?v=qF3baV-6Jyo
173,https://www.youtube.com/watch?v=nkkOmrNEYHY
174,https://www.youtube.com/watch?v=yQgWGU3KXOg
175,https://www.youtube.com/watch?v=QFqPx02TFKc
176,https://www.youtube.com/watch?v=iPCaJghWQ6o
177,https://www.youtube.com/watch?v=94JuDN7x5DQ
178,https://www.youtube.com/watch?v=b3BxSoneVNE
179,https://www.youtube.com/watch?v=xOtg5k-IfFA
180,https://www.youtube.com/watch?v=wMhxYnv-fyY
181,https://www.youtube.com/watch?v=ofN0x_9MTh8
182,https://www.youtube.com/watch?v=bvMK41zhznw
183,https://www.youtube.com/watch?v=8cPs4bUKHwA
184,https://www.youtube.com/watch?v=ubSDJyXgPnw
185,https://www.youtube.com/watch?v=wRcCY_W8NzU
186,https://www.youtube.com/watch?v=fPhzlBIJZc0
187,https://www.youtube.com/watch?v=gDi9QtVsCCY
188,https://www.youtube.com/watch?v=H-IcU0LWkbI
189,https://www.youtube.com/watch?v=pKyNxxOsoXA
190,https://www.youtube.com/watch?v=fJRewQSMX_A
191,https://www.youtube.com/watch?v=PWXyxCImEKk
192,https://www.youtube.com/watch?v=yNIzXrYEAo4
193,https://www.youtube.com/watch?v=4kxrQFdLBns
194,https://www.youtube.com/watch?v=QN-T6UgeRgw
195,https://www.youtube.com/watch?v=9PtHGswcdpE
196,https://www.youtube.com/watch?v=a680mV5oYW4
197,https://www.youtube.com/watch?v=aYO1ofk6iuw
198,https://www.youtube.com/watch?v=sURWqAKIeb8
199,https://www.youtube.com/watch?v=sN3HU7Fs4BA
200,https://www.youtube.com/watch?v=ZL3nxHFJDYA
201,https://www.youtube.com/watch?v=q69wG0PahN4
202,https://www.youtube.com/watch?v=SwKIg1VMj7s
203,https://www.youtube.com/watch?v=mY51weTfYO0
204,https://www.youtube.com/watch?v=kDUgO2QPy2E
205,https://www.youtube.com/watch?v=xR1ijuCQAJw
206,https://www.youtube.com/watch?v=d1hyLRyqXXQ
207,https://www.youtube.com/watch?v=Cd2LMIRy78s
208,https://www.youtube.com/watch?v=eaaObLN3kjI
209,https://www.youtube.com/watch?v=6Og1FJZOA-A
210,https://www.youtube.com/watch?v=JeGAZSMXAZg
211,https://www.youtube.com/watch?v=7eyUrL2JS9Q
212,https://www.youtube.com/watch?v=ili1B46Pg7A
213,https://www.youtube.com/watch?v=tMA3Q2tl39E
214,https://www.youtube.com/watch?v=ouGH3RfjvS8
215,https://www.youtube.com/watch?v=IUI6uuBavfw
216,https://www.youtube.com/watch?v=HSaiR9ve4fY
217,https://www.youtube.com/watch?v=a_mogv5tCm8
218,https://www.youtube.com/watch?v=XbXPg2qRwm8
219,https://www.youtube.com/watch?v=c7_SlNWm3oc
220,https://www.youtube.com/watch?v=greMmdW9Yr8
221,https://www.youtube.com/watch?v=lzjmPmfLB-o
222,https://www.youtube.com/watch?v=ud0_SrZCMGA
223,https://www.youtube.com/watch?v=9r7dzh33bio
224,https://www.youtube.com/watch?v=PvWyD17BQ4g
225,https://www.youtube.com/watch?v=MxTBvsAqhxI
226,https://www.youtube.com/watch?v=uO6r0vQmGB0
227,https://www.youtube.com/watch?v=czxvoZ73SME
228,https://www.youtube.com/watch?v=9MArYMVWubA
229,https://www.youtube.com/watch?v=mrjq3lFz23s
230,https://www.youtube.com/watch?v=VyM4wCuuPD4
231,https://www.youtube.com/watch?v=V1hjSeSF4xg
232,https://www.youtube.com/watch?v=zT7niRUOs9o
233,https://www.youtube.com/watch?v=Yl3xCV2bN6E
234,https://www.youtube.com/watch?v=7pfRiFB__k8
235,https://www.youtube.com/watch?v=NB8OceGZGjA
236,https://www.youtube.com/watch?v=ydOZ5YAv8Hk
237,https://www.youtube.com/watch?v=IlS1aR_gfzs
238,https://www.youtube.com/watch?v=P--Eaq2QjNQ
239,https://www.youtube.com/watch?v=c8vd7ogxh7g
240,https://www.youtube.com/watch?v=igjlBy8xBng
241,https://www.youtube.com/watch?v=pKrVtMakQGg
242,https://www.youtube.com/watch?v=f555UWjlKho
243,https://www.youtube.com/watch?v=3lcRdAmHgKc
244,https://www.youtube.com/watch?v=csfAd_kDh5A
245,https://www.youtube.com/watch?v=bj2s-Y5MMag
246,https://www.youtube.com/watch?v=VsY8rwX8MTc
247,https://www.youtube.com/watch?v=L-g2YwTq6RY
248,https://www.youtube.com/watch?v=RmKX8myWBc8
249,https://www.youtube.com/watch?v=oG8rJ-lHijo
250,https://www.youtube.com/watch?v=NTv4eWWR18U
251,https://www.youtube.com/watch?v=Z2f-BzRAimA
252,https://www.youtube.com/watch?v=8o-x2vX2Izk
253,https://www.youtube.com/watch?v=SfLP1CgLP30
254,https://www.youtube.com/watch?v=f7CstK22Jtc
255,https://www.youtube.com/watch?v=ZLphNb3y0bY
256,https://www.youtube.com/watch?v=FMcO7BZ7TEs
257,https://www.youtube.com/watch?v=bJmt4snK9Yg
258,https://www.youtube.com/watch?v=t2q5mhws4pM
259,https://www.youtube.com/watch?v=a8RcT4xYqMk
260,https://www.youtube.com/watch?v=tNgJbpkRmDg
261,https://www.youtube.com/watch?v=xCNhsMhjjjk
262,https://www.youtube.com/watch?v=K3R3djJP4jw
263,https://www.youtube.com/watch?v=R-K0MVes5a0
264,https://www.youtube.com/watch?v=S0D53QEwcCQ
265,https://www.youtube.com/watch?v=sfR4HLIWkJ0
266,https://www.youtube.com/watch?v=zcBR_QeUZrY
267,https://www.youtube.com/watch?v=iBcMfp7AbZY
268,https://www.youtube.com/watch?v=Ea9mUvRAwAQ
269,https://www.youtube.com/watch?v=YHUSAPMOz6c
270,https://www.youtube.com/watch?v=nwD88hxOykk
271,https://www.youtube.com/watch?v=DfMWsSbpmD8
272,https://www.youtube.com/watch?v=l9Ie6cElqSw
273,https://www.youtube.com/watch?v=jf8K_vBsbW0
274,https://www.youtube.com/watch?v=kCCkQ6s-N00
275,https://www.youtube.com/watch?v=3lyvQgd9FWU
276,https://www.youtube.com/watch?v=v2-m7_X3uy8
277,https://www.youtube.com/watch?v=DD1LVtwCUXQ
278,https://www.youtube.com/watch?v=9AaiualGHPY
279,https://www.youtube.com/watch?v=L7GWKOnw-4A
280,https://www.youtube.com/watch?v=WWHF5DpBoC0
281,https://www.youtube.com/watch?v=Gt0WBoYAG1s
282,https://www.youtube.com/watch?v=xT_xeA2S32Y
283,https://www.youtube.com/watch?v=HD5ENKbxgao
284,https://www.youtube.com/watch?v=4co7k-IyG6Y
285,https://www.youtube.com/watch?v=hbGFG0UeJ2M
286,https://www.youtube.com/watch?v=RspOV4aV7F0
287,https://www.youtube.com/watch?v=20NJEoPiKm4
288,https://www.youtube.com/watch?v=XrdJMA13Gtg
289,https://www.youtube.com/watch?v=tZ9RS4s7_ws
290,https://www.youtube.com/watch?v=u56nLWD7FC0
291,https://www.youtube.com/watch?v=9bVYBl-nprk
292,https://www.youtube.com/watch?v=h05g8AbXW2c
293,https://www.youtube.com/watch?v=VDqAww1Dby0
294,https://www.youtube.com/watch?v=n9xn_H4kGgk
295,https://www.youtube.com/watch?v=i76z_Cwg2Qg
296,https://www.youtube.com/watch?v=Jkly2r-pa_A
297,https://www.youtube.com/watch?v=jwkqvvu83Q0
298,https://www.youtube.com/watch?v=R2LVCog4B6E
299,https://www.youtube.com/watch?v=SfG5rAvsNCE
300,https://www.youtube.com/watch?v=cEomPDFIvSs
301,https://www.youtube.com/watch?v=CGCnbQFYigc
302,https://www.youtube.com/watch?v=5at-Ty2U2Qk
303,https://www.youtube.com/watch?v=H8vtmio2ISc
304,https://www.youtube.com/watch?v=pSjiblTNAyI
305,https://www.youtube.com/watch?v=F9WNKIUckbA
306,https://www.youtube.com/watch?v=mjJnEGmOpCA
307,https://www.youtube.com/watch?v=8X46ypFNc9g
308,https://www.youtube.com/watch?v=-chTLiDj8IA
309,https://www.youtube.com/watch?v=mk6TTr2D_Gk
310,https://www.youtube.com/watch?v=uaPt4FYwmQ0
311,https://www.youtube.com/watch?v=RN-cUIKVzoc
312,https://www.youtube.com/watch?v=UIMNaLHGAcw
313,https://www.youtube.com/watch?v=vXsM-OTuGTA
314,https://www.youtube.com/watch?v=_-s93saQU64
315,https://www.youtube.com/watch?v=yw6i_zlMoTs
316,https://www.youtube.com/watch?v=Cb1__rpGW_o
317,https://www.youtube.com/watch?v=rhTpk9O_5dM
318,https://www.youtube.com/watch?v=NokBSx2LbIw
319,https://www.youtube.com/watch?v=SpKVoz7gM_g
320,https://www.youtube.com/watch?v=Rz761QT4zyw
321,https://www.youtube.com/watch?v=8bnkulJjEIM
322,https://www.youtube.com/watch?v=NAoCPOktbqk
323,https://www.youtube.com/watch?v=Oi__vhd4sx4
324,https://www.youtube.com/watch?v=Xu3wtUZblPc
325,https://www.youtube.com/watch?v=bYgGn89OzOw
326,https://www.youtube.com/watch?v=7LrGrnOyaGU
327,https://www.youtube.com/watch?v=yzNxc39vZFo
328,https://www.youtube.com/watch?v=O9K4A_hWJ7g
329,https://www.youtube.com/watch?v=e5d9oCukuRM
330,https://www.youtube.com/watch?v=hRSGxw2AQnk
331,https://www.youtube.com/watch?v=yRmOWcWdQAo
332,https://www.youtube.com/watch?v=QLq6GEiHqR8
333,https://www.youtube.com/watch?v=mY3SEMTROas
334,https://www.youtube.com/watch?v=zqllxbPWKNI
335,https://www.youtube.com/watch?v=AAGIi62-sAU
336,https://www.youtube.com/watch?v=b1reY72ktEc
337,https://www.youtube.com/watch?v=Cqbleas1mmo
338,https://www.youtube.com/watch?v=ewLpXw6uN28
339,https://www.youtube.com/watch?v=sV6uuMAnJUE
340,https://www.youtube.com/watch?v=tsxmyL7TUJg
341,https://www.youtube.com/watch?v=Cln0J87vulU
342,https://www.youtube.com/watch?v=EQmjXM4VK2U
343,https://www.youtube.com/watch?v=8qRZcXIODNU
344,https://www.youtube.com/watch?v=26EivpCPHnQ
345,https://www.youtube.com/watch?v=mJn7PaNp730
346,https://www.youtube.com/watch?v=uVr0iSx_q0g
347,https://www.youtube.com/watch?v=180ndxqK3Lg
348,https://www.youtube.com/watch?v=sYwqcthzrTU
349,https://www.youtube.com/watch?v=jgkBAGhbZZk
350,https://www.youtube.com/watch?v=reghwnhJ274
351,https://www.youtube.com/watch?v=If7E0rQktS0
352,https://www.youtube.com/watch?v=esobMHCkyUQ
353,https://www.youtube.com/watch?v=UdZwzNbsemE
354,https://www.youtube.com/watch?v=PoMN4VBM4yE
355,https://www.youtube.com/watch?v=DGsb8U9cj-8
356,https://www.youtube.com/watch?v=zjxg1Kvl7Lk
357,https://www.youtube.com/watch?v=xEMDDb3h9Uc
358,https://www.youtube.com/watch?v=NKqOhSvj77g
359,https://www.youtube.com/watch?v=FJgzo-BYqWA
360,https://www.youtube.com/watch?v=qV-zuqyY9bQ
361,https://www.youtube.com/watch?v=lHrM4YRovRI
362,https://www.youtube.com/watch?v=n-teeoZDoUQ
363,https://www.youtube.com/watch?v=oswW5DDeYU4
364,https://www.youtube.com/watch?v=M-MkS72vgTA
365,https://www.youtube.com/watch?v=POcMYsJM_ms
366,https://www.youtube.com/watch?v=0WnAoy6uP10
367,https://www.youtube.com/watch?v=rQ8kaBEZN3Q
368,https://www.youtube.com/watch?v=hmHI_oGUZD8
369,https://www.youtube.com/watch?v=JR3YktPzt8Y
370,https://www.youtube.com/watch?v=8XG9LF-vtGc
371,https://www.youtube.com/watch?v=GXKNqYOx4Kk
372,https://www.youtube.com/watch?v=dX3IjhqDWis
373,https://www.youtube.com/watch?v=LmVwnhepIcc
374,https://www.youtube.com/watch?v=ZV4ELOSfha0
375,https://www.youtube.com/watch?v=os7GBv1dQcw
376,https://www.youtube.com/watch?v=5r7Vih0tQQA
377,https://www.youtube.com/watch?v=s91ryWnzPes
378,https://www.youtube.com/watch?v=N1shh4d0mz0
379,https://www.youtube.com/watch?v=w_za0dpHl04
380,https://www.youtube.com/watch?v=A_6M0VIIWWQ
381,https://www.youtube.com/watch?v=MtmntApMd5k
382,https://www.youtube.com/watch?v=ti3t55EKWqA
383,https://www.youtube.com/watch?v=S4IBvR_v_yQ
384,https://www.youtube.com/watch?v=cFbD6QKNj4s
385,https://www.youtube.com/watch?v=zCaEJnsMImE
386,https://www.youtube.com/watch?v=bMl_kr3RJV0
387,https://www.youtube.com/watch?v=CuDA2dNBcTA
388,https://www.youtube.com/watch?v=dBAgyhsxeJE
389,https://www.youtube.com/watch?v=6IspJP1jBis
390,https://www.youtube.com/watch?v=6oQWw6SO75g
391,https://www.youtube.com/watch?v=YkjlQrV5brw
392,https://www.youtube.com/watch?v=CI-svpCnzp0
393,https://www.youtube.com/watch?v=Odk0Cp2D_fU
394,https://www.youtube.com/watch?v=IUSkkc9Acx8
395,https://www.youtube.com/watch?v=kdJEMGqTo2o
396,https://www.youtube.com/watch?v=ehGAdGhPAUA
397,https://www.youtube.com/watch?v=oT4bcB8IRek
398,https://www.youtube.com/watch?v=khsOXzF8ibo
399,https://www.youtube.com/watch?v=Z5kxFQjyRYc
400,https://www.youtube.com/watch?v=vX3hEA44MnU
401,https://www.youtube.com/watch?v=VNphI-6tkSY
402,https://www.youtube.com/watch?v=CuI2BOw6SY0
403,https://www.youtube.com/watch?v=_F-PDMThKu0
404,https://www.youtube.com/watch?v=_yROyxWcudo
405,https://www.youtube.com/watch?v=8cMqppaQ3Y4
406,https://www.youtube.com/watch?v=QkJY2NeUdgs
407,https://www.youtube.com/watch?v=eDoorC-b-a8
408,https://www.youtube.com/watch?v=44BNW5YZc7o
409,https://www.youtube.com/watch?v=v9Z4NF1ntsI
410,https://www.youtube.com/watch?v=r45an0Vk03U
411,https://www.youtube.com/watch?v=XT0cSNyaqsk
412,https://www.youtube.com/watch?v=wR1lNvYzmxs
413,https://www.youtube.com/watch?v=7PVKjzs5MK0
414,https://www.youtube.com/watch?v=zfYDzsa8y-o
415,https://www.youtube.com/watch?v=Wts0CfUK5MQ
416,https://www.youtube.com/watch?v=JDw3ZdQcv2g
417,https://www.youtube.com/watch?v=ayQnrZpb-Rc
418,https://www.youtube.com/watch?v=y3ovuxxQEeU
419,https://www.youtube.com/watch?v=zR0Zbw8giVI
420,https://www.youtube.com/watch?v=zyFPuSyLaZI
421,https://www.youtube.com/watch?v=EEOjsbQ5wYE
422,https://www.youtube.com/watch?v=lf8cleyFDYM
423,https://www.youtube.com/watch?v=21lYP86dHW4
424,https://www.youtube.com/watch?v=z-qyyD726o4
425,https://www.youtube.com/watch?v=ftpH4-xFGQI
426,https://www.youtube.com/watch?v=czkGj5vJEFQ
427,https://www.youtube.com/watch?v=71op1DQ2gyo
428,https://www.youtube.com/watch?v=qg3B1Uu6dto
429,https://www.youtube.com/watch?v=T0ySHTwFGzc
430,https://www.youtube.com/watch?v=CywhB_MNJ6o
431,https://www.youtube.com/watch?v=iOITeorSh8I
432,https://www.youtube.com/watch?v=QpwaI20pm4U
433,https://www.youtube.com/watch?v=Z9mlsyV7Hek
434,https://www.youtube.com/watch?v=8zWDuWKdBZU
435,https://www.youtube.com/watch?v=nTqu6w2wc68
436,https://www.youtube.com/watch?v=i3sRSS6fN0g
437,https://www.youtube.com/watch?v=Hpgg7lYqmTU
438,https://www.youtube.com/watch?v=dQogZx2aABQ
439,https://www.youtube.com/watch?v=fb-OjzMgq2k
440,https://www.youtube.com/watch?v=JJ0St6OmTp0
441,https://www.youtube.com/watch?v=RDJyb5rlSHw
442,https://www.youtube.com/watch?v=CurcakgurRE
443,https://www.youtube.com/watch?v=tBnJRraXDc0
444,https://www.youtube.com/watch?v=mdHHDURM31g
445,https://www.youtube.com/watch?v=w9EYdWs5Hq4
446,https://www.youtube.com/watch?v=083-46NVMd8
447,https://www.youtube.com/watch?v=U2-JPqrALsA
448,https://www.youtube.com/watch?v=F8kvAc9Gr1o
449,https://www.youtube.com/watch?v=jsKqQvFk7Sk
450,https://www.youtube.com/watch?v=qV9-mF5YiU8
451,https://www.youtube.com/watch?v=wFWX0eAAlHQ
452,https://www.youtube.com/watch?v=gNYrSw-I3wo
453,https://www.youtube.com/watch?v=_yD2KeGDH08
454,https://www.youtube.com/watch?v=dZBSNsiTjd4
455,https://www.youtube.com/watch?v=xgSn90Q2tj8
456,https://www.youtube.com/watch?v=tZSfRJmGtsc
457,https://www.youtube.com/watch?v=LYgLdE3nzjc
458,https://www.youtube.com/watch?v=c9UoenRACdE
459,https://www.youtube.com/watch?v=Pb3zZ3CGTzg
460,https://www.youtube.com/watch?v=lKxOvFSNqoA
461,https://www.youtube.com/watch?v=TSFxWLo0QjM
462,https://www.youtube.com/watch?v=27qERAfIzmc
463,https://www.youtube.com/watch?v=HlXJJpeP8-M
464,https://www.youtube.com/watch?v=BSjVHBeuVow
465,https://www.youtube.com/watch?v=0K1pITq4mSk
466,https://www.youtube.com/watch?v=INIpzE20d3Y
467,https://www.youtube.com/watch?v=G-6xOsXigw8
468,https://www.youtube.com/watch?v=UcBc0l7IrZU
469,https://www.youtube.com/watch?v=SU0YDwdUE-s
470,https://www.youtube.com/watch?v=EhhOin2p5Qs
471,https://www.youtube.com/watch?v=ym1MkJBmPyo
472,https://www.youtube.com/watch?v=aWv5Itf2e8Y
473,https://www.youtube.com/watch?v=wfrF-2LzK6I
474,https://www.youtube.com/watch?v=tuEYQvEYR-M
475,https://www.youtube.com/watch?v=qdJ_gJ_kPEI
476,https://www.youtube.com/watch?v=S4L_0CDsd1I
477,https://www.youtube.com/watch?v=83i-t8Ouk_0
478,https://www.youtube.com/watch?v=INl3pCXm6Tw
479,https://www.youtube.com/watch?v=6LcGrLnzYuU
480,https://www.youtube.com/watch?v=irPog6qXpOc
481,https://www.youtube.com/watch?v=m8rYU9bd2Qw
482,https://www.youtube.com/watch?v=l3HnhX4tmZc
483,https://www.youtube.com/watch?v=0KctMEMitco
484,https://www.youtube.com/watch?v=CVb2bGhYLos
485,https://www.youtube.com/watch?v=UiZHv927fow
486,https://www.youtube.com/watch?v=BfSeoZOQHhQ
487,https://www.youtube.com/watch?v=JeVR_SIkzu4
488,https://www.youtube.com/watch?v=VCpsdYNpZE8
489,https://www.youtube.com/watch?v=KxUZ-Z3bKZg
490,https://www.youtube.com/watch?v=fm-7lvVqHtU
491,https://www.youtube.com/watch?v=KhahJFdsPuk
492,https://www.youtube.com/watch?v=ARmOBPzsBjc
493,https://www.youtube.com/watch?v=7Zkl7AQaA0w
494,https://www.youtube.com/watch?v=Zz_2z22G4lU
495,https://www.youtube.com/watch?v=6aQYrUpQBeY
496,https://www.youtube.com/watch?v=q8MVhyJwIt0
497,https://www.youtube.com/watch?v=7REN8SpH-9k
498,https://www.youtube.com/watch?v=ng1OBtCtf8Q
499,https://www.youtube.com/watch?v=GKzEAK6Dnq8
500,https://www.youtube.com/watch?v=i6iJ_9Mn7uo
501,https://www.youtube.com/watch?v=Ly3YIAtQ0QM
502,https://www.youtube.com/watch?v=jgTkXnyYRhc
503,https://www.youtube.com/watch?v=4qcis5eHNmY
504,https://www.youtube.com/watch?v=vtw09jjH1ZM
505,https://www.youtube.com/watch?v=fSIUH90CtBE
506,https://www.youtube.com/watch?v=a9rDEyHJu80
507,https://www.youtube.com/watch?v=RJ91J29-ZGA
508,https://www.youtube.com/watch?v=BOwD65jBhC4
509,https://www.youtube.com/watch?v=-eRTn4VxikM
510,https://www.youtube.com/watch?v=0rf7Rv05u6M
511,https://www.youtube.com/watch?v=zDuIGHYyJAk
512,https://www.youtube.com/watch?v=Tq8x3abI1sU
513,https://www.youtube.com/watch?v=7Q1C8fdIoh0
514,https://www.youtube.com/watch?v=E2FaNYHh1x4
515,https://www.youtube.com/watch?v=U-7fhSjlRB4
516,https://www.youtube.com/watch?v=gA_o4TLwJN0
517,https://www.youtube.com/watch?v=xSz2AYG6Rj8
518,https://www.youtube.com/watch?v=P9nqva9X1s8
519,https://www.youtube.com/watch?v=a9vVQQ16On4
520,https://www.youtube.com/watch?v=kOlqIx0ZAKo
521,https://www.youtube.com/watch?v=ZRDKz6llsqA
522,https://www.youtube.com/watch?v=z0jj5fUd_3E
523,https://www.youtube.com/watch?v=gnDPbikxlWg
524,https://www.youtube.com/watch?v=HDbz1FKqIZE
525,https://www.youtube.com/watch?v=KnYPH2b9MrY
526,https://www.youtube.com/watch?v=78uSXjWqCMU
527,https://www.youtube.com/watch?v=DsqGicOtNE4
528,https://www.youtube.com/watch?v=TjSS2AlsFQ0
529,https://www.youtube.com/watch?v=prkRVp1R6ms
530,https://www.youtube.com/watch?v=_ZgXepIo-qE
531,https://www.youtube.com/watch?v=PhviGwuiSHA
532,https://www.youtube.com/watch?v=LnXrmruABWg
533,https://www.youtube.com/watch?v=LhffOJfL8t4
534,https://www.youtube.com/watch?v=4z2EGANi1bs
535,https://www.youtube.com/watch?v=hkTiziYSo1E
536,https://www.youtube.com/watch?v=qbK0mPbp1tQ
537,https://www.youtube.com/watch?v=2t57HASAv8k
538,https://www.youtube.com/watch?v=H_SJFhqZ2Yc
539,https://www.youtube.com/watch?v=x53mJVyF5KM
540,https://www.youtube.com/watch?v=aG8ZaDGUEZU
541,https://www.youtube.com/watch?v=Qf_5vXUpQB0
542,https://www.youtube.com/watch?v=2DCukI3IZTc
543,https://www.youtube.com/watch?v=SVepW3f_V-M
544,https://www.youtube.com/watch?v=A_gPPnYtm6s
545,https://www.youtube.com/watch?v=W4oydQ4afJA
546,https://www.youtube.com/watch?v=stFgNYTmmPA
547,https://www.youtube.com/watch?v=2DPqjcJ7IZk
548,https://www.youtube.com/watch?v=_XZadxHOGVA
549,https://www.youtube.com/watch?v=djweHNh0RXs
550,https://www.youtube.com/watch?v=RhS8xNmWqDU
551,https://www.youtube.com/watch?v=o_FBiotTdpg
552,https://www.youtube.com/watch?v=NcXR_2w6Tn0
553,https://www.youtube.com/watch?v=jY4xi5hyNNE
554,https://www.youtube.com/watch?v=ekBx350jJ08
555,https://www.youtube.com/watch?v=Q-02fW-n4qg
556,https://www.youtube.com/watch?v=XQAIYCT4f8Q
557,https://www.youtube.com/watch?v=WgXO2cvmdQc
558,https://www.youtube.com/watch?v=hKpxMWm5l7w
559,https://www.youtube.com/watch?v=ffnIL6hE__w
560,https://www.youtube.com/watch?v=djPC_hBKl3I
561,https://www.youtube.com/watch?v=klsqtRclpXo
562,https://www.youtube.com/watch?v=vtxedkuUCas
563,https://www.youtube.com/watch?v=nGu0_8whK54
564,https://www.youtube.com/watch?v=6UQZ5oQg8XA
565,https://www.youtube.com/watch?v=xLtl_urvHZM
566,https://www.youtube.com/watch?v=5xwB6pWypuk
567,https://www.youtube.com/watch?v=KyADkmRVe0U
568,https://www.youtube.com/watch?v=vD5Lc2k82PE
569,https://www.youtube.com/watch?v=Of18sAJgHxE
570,https://www.youtube.com/watch?v=HeY5vf5yCog
571,https://www.youtube.com/watch?v=2IojaTTvOcg
572,https://www.youtube.com/watch?v=wh4YKU_afWQ
573,https://www.youtube.com/watch?v=GJJ84EuOR9U
574,https://www.youtube.com/watch?v=mnb27dRG5KQ
575,https://www.youtube.com/watch?v=fr1vXkZkDb0
576,https://www.youtube.com/watch?v=CQ9KzP_S5-k
577,https://www.youtube.com/watch?v=-Oalcl5hBak
578,https://www.youtube.com/watch?v=OFB7uUot3fg
579,https://www.youtube.com/watch?v=TF4VuCPAr0w
580,https://www.youtube.com/watch?v=AANzYRQiEjo
581,https://www.youtube.com/watch?v=LgvFRGlShIo
582,https://www.youtube.com/watch?v=mzM0bl7C_6E
583,https://www.youtube.com/watch?v=VxUldBhJEds
584,https://www.youtube.com/watch?v=crN7ocXtb5E
585,https://www.youtube.com/watch?v=PwRws8dqn4M
586,https://www.youtube.com/watch?v=Lxt_eGgH1CY
587,https://www.youtube.com/watch?v=BsNjCl-5nWI
588,https://www.youtube.com/watch?v=meaEEfWE5Oo
589,https://www.youtube.com/watch?v=rIvXuA667A4
590,https://www.youtube.com/watch?v=CIRko_qptQk
591,https://www.youtube.com/watch?v=qzek6T69dEY
592,https://www.youtube.com/watch?v=vJvJ4w4bnho
593,https://www.youtube.com/watch?v=38ayLBWN76Y
594,https://www.youtube.com/watch?v=CbkO_rK4Bvk
595,https://www.youtube.com/watch?v=yLpR54F3Hho
596,https://www.youtube.com/watch?v=H2IVUPRLKaE
597,https://www.youtube.com/watch?v=AhLVMG9VGcw
598,https://www.youtube.com/watch?v=wnzl7gsJwyM
599,https://www.youtube.com/watch?v=uMR4hENEQsk
600,https://www.youtube.com/watch?v=NpUuuT_EzSs
601,https://www.youtube.com/watch?v=EGoiYHUvwSQ
602,https://www.youtube.com/watch?v=j3Thqrcw_Ag
603,https://www.youtube.com/watch?v=BQKfAxFgi-E
604,https://www.youtube.com/watch?v=I6XFCl2lHbg
605,https://www.youtube.com/watch?v=cNUPmmc5b3c
606,https://www.youtube.com/watch?v=c92hhEFCcGw
607,https://www.youtube.com/watch?v=7EoBX13g0aw
608,https://www.youtube.com/watch?v=7IczC2_u99A
609,https://www.youtube.com/watch?v=XImly72tLw0
610,https://www.youtube.com/watch?v=TMQZ921XvLg
611,https://www.youtube.com/watch?v=VXkJnuu2iYE
612,https://www.youtube.com/watch?v=21H5xZJYRfA
613,https://www.youtube.com/watch?v=lwX8d5ebnmc
614,https://www.youtube.com/watch?v=bUbrVeZm2jo
615,https://www.youtube.com/watch?v=JEp2YBw1Tq4
616,https://www.youtube.com/watch?v=i2vaF57gM2w
617,https://www.youtube.com/watch?v=kCyJiC_25tA
618,https://www.youtube.com/watch?v=OJ3ni1lgGHg
619,https://www.youtube.com/watch?v=d4Tstekb8lA
620,https://www.youtube.com/watch?v=a9qWb89GZ_g
621,https://www.youtube.com/watch?v=_EkiEdFn1gU
622,https://www.youtube.com/watch?v=SfrZW6JVWvA
623,https://www.youtube.com/watch?v=vCPTvr6fnQQ
624,https://www.youtube.com/watch?v=5U40TS7leUE
625,https://www.youtube.com/watch?v=raYRXKn0Z-I
626,https://www.youtube.com/watch?v=gh9Qpy27JAA
627,https://www.youtube.com/watch?v=Z7BH6YQeWoI
628,https://www.youtube.com/watch?v=3W5FkGkh4gs
629,https://www.youtube.com/watch?v=xMLtxCp4Yec
630,https://www.youtube.com/watch?v=EzXKlg0EmN8
631,https://www.youtube.com/watch?v=Z08nN20KZ4o
632,https://www.youtube.com/watch?v=Nnu0QUnETxI
633,https://www.youtube.com/watch?v=M6Tat_YeZbc
634,https://www.youtube.com/watch?v=LeX1ALuxcwI
635,https://www.youtube.com/watch?v=VpWkcFsZ2Zs
636,https://www.youtube.com/watch?v=sXcj5svVWF8
637,https://www.youtube.com/watch?v=hYfYO2mEUnk
638,https://www.youtube.com/watch?v=_E_9gx4Ts6o
639,https://www.youtube.com/watch?v=PziYusMyo-M
640,https://www.youtube.com/watch?v=-LgHUAUragk
641,https://www.youtube.com/watch?v=CKc1MRS2XNc
642,https://www.youtube.com/watch?v=cviuWqEIfAM
643,https://www.youtube.com/watch?v=IMjbueZU98o
644,https://www.youtube.com/watch?v=zbup1WK3qS0
645,https://www.youtube.com/watch?v=sG4-GA8-rjU
646,https://www.youtube.com/watch?v=uTupr_9ElpQ
647,https://www.youtube.com/watch?v=eYyuCiazMJg
648,https://www.youtube.com/watch?v=n8TDeF8aMlY
649,https://www.youtube.com/watch?v=oOhYwEAg4TQ
650,https://www.youtube.com/watch?v=7tz2HU-Yy4o
651,https://www.youtube.com/watch?v=FQahbSDQ8vA
652,https://www.youtube.com/watch?v=ZCOeWrAQxqE
653,https://www.youtube.com/watch?v=LL5029KeWck
654,https://www.youtube.com/watch?v=Z3BQSKz9hE8
655,https://www.youtube.com/watch?v=EpJD9ai8kqc
656,https://www.youtube.com/watch?v=dVNutxEW2fA
657,https://www.youtube.com/watch?v=nL__jt5lxpI
658,https://www.youtube.com/watch?v=zZVDfxampEc
659,https://www.youtube.com/watch?v=HRepXtHIREs
660,https://www.youtube.com/watch?v=JTwv9WpoJSI
661,https://www.youtube.com/watch?v=_yfWLwOb5kw
662,https://www.youtube.com/watch?v=ZfnM2IueYEY
663,https://www.youtube.com/watch?v=WVpHAdgSxi0
664,https://www.youtube.com/watch?v=KjvOXh5QJ6o
665,https://www.youtube.com/watch?v=vF_8LuR6qmQ
666,https://www.youtube.com/watch?v=Np9sntm1nxQ
667,https://www.youtube.com/watch?v=-_XB5WUrmLY
668,https://www.youtube.com/watch?v=sF3FWbchMII
669,https://www.youtube.com/watch?v=o37tsmTL5BE
670,https://www.youtube.com/watch?v=Xs1Zb_ab8-A
671,https://www.youtube.com/watch?v=b_IqYnpmLC0
672,https://www.youtube.com/watch?v=l1S1bXqz8K0
673,https://www.youtube.com/watch?v=5FEu77esUDE
674,https://www.youtube.com/watch?v=O8zxhXCFfQs
675,https://www.youtube.com/watch?v=g7ehGZB1YB0
676,https://www.youtube.com/watch?v=JrW3DnC0i1g
677,https://www.youtube.com/watch?v=PALl3aZrxTE
678,https://www.youtube.com/watch?v=DEZIjPUtwzI
679,https://www.youtube.com/watch?v=FVPPaWQ-l4s
680,https://www.youtube.com/watch?v=J9XWqjP8tGo
681,https://www.youtube.com/watch?v=7O-s5qHZiPA
682,https://www.youtube.com/watch?v=43K-H_dtQ9g
683,https://www.youtube.com/watch?v=fUWIUB7JS0I
684,https://www.youtube.com/watch?v=8SYms74s6Sc
685,https://www.youtube.com/watch?v=BwC22b_Dedo
686,https://www.youtube.com/watch?v=7YwoExo6hi4
687,https://www.youtube.com/watch?v=SnQ6QRZWNh8
688,https://www.youtube.com/watch?v=Xoa75JrWUdc
689,https://www.youtube.com/watch?v=xtSSjKo51Hs
690,https://www.youtube.com/watch?v=UIy6wYFH_tc
691,https://www.youtube.com/watch?v=QYDwfIbq6nQ
692,https://www.youtube.com/watch?v=VkRo5KTk6tQ
693,https://www.youtube.com/watch?v=-zaVt44o2yA
694,https://www.youtube.com/watch?v=rQTlBjpuAO0
695,https://www.youtube.com/watch?v=SQ-1udEB0XE
696,https://www.youtube.com/watch?v=wgmEA20DkKA
697,https://www.youtube.com/watch?v=JTllT7ho0g4
698,https://www.youtube.com/watch?v=7KJTBvG1L7o
699,https://www.youtube.com/watch?v=UmzHsNj2nY0
700,https://www.youtube.com/watch?v=d-GPnbzx87Y
701,https://www.youtube.com/watch?v=8V76AFoGD2I
702,https://www.youtube.com/watch?v=IZ6LrgxYKsw
703,https://www.youtube.com/watch?v=UBRGzD_n39Q
704,https://www.youtube.com/watch?v=iuS5RE95MpU
705,https://www.youtube.com/watch?v=OgVZmuE3_WY
706,https://www.youtube.com/watch?v=q6soQ2hWj_w
707,https://www.youtube.com/watch?v=HH3HYe_iggQ
708,https://www.youtube.com/watch?v=8GftIjfGvtU
709,https://www.youtube.com/watch?v=JTcH55n2Dz4
710,https://www.youtube.com/watch?v=Aod0eFRDYGk
711,https://www.youtube.com/watch?v=HU_pVG_fB7Q
712,https://www.youtube.com/watch?v=uYBVvYVRlX8
713,https://www.youtube.com/watch?v=AyoqriaVXv8
714,https://www.youtube.com/watch?v=EJ7FwWl7i8U
715,https://www.youtube.com/watch?v=xjPjeKR7_q4
716,https://www.youtube.com/watch?v=SP8z9QXDmMw
717,https://www.youtube.com/watch?v=3IiYeO9pNT0
718,https://www.youtube.com/watch?v=IiBbU_qYp8M
719,https://www.youtube.com/watch?v=YC9iGQOXy1A
720,https://www.youtube.com/watch?v=aritBg4pPC4
721,https://www.youtube.com/watch?v=znsDwX1IuhQ
722,https://www.youtube.com/watch?v=qpN4aEYB58o
723,https://www.youtube.com/watch?v=XC8z8Fn_yag
724,https://www.youtube.com/watch?v=WfUOIa9HYWY
725,https://www.youtube.com/watch?v=1Ag7_BVxK90
726,https://www.youtube.com/watch?v=XaetWDtKLp4
727,https://www.youtube.com/watch?v=DWuM3n0LEMc
728,https://www.youtube.com/watch?v=EFkWqRjnlYw
729,https://www.youtube.com/watch?v=e8p-l6Lm5eg
730,https://www.youtube.com/watch?v=MKxPKwsSvVA
731,https://www.youtube.com/watch?v=u-BXRLgavJk
732,https://www.youtube.com/watch?v=zGJEEdPyHss
733,https://www.youtube.com/watch?v=Pvnhr3bOjtI
734,https://www.youtube.com/watch?v=bMNxKZd_ba8
735,https://www.youtube.com/watch?v=T993VsUQ35c
736,https://www.youtube.com/watch?v=AfWpgZnDT7I
737,https://www.youtube.com/watch?v=oH2XenNpcyA
738,https://www.youtube.com/watch?v=WF2PIidXE7w
739,https://www.youtube.com/watch?v=YjX0zzGLOl0
740,https://www.youtube.com/watch?v=ZHErnEFsLJs
741,https://www.youtube.com/watch?v=isCkMbeUW04
742,https://www.youtube.com/watch?v=GmAIql7rlno
743,https://www.youtube.com/watch?v=y-ZI_R4TBrc
744,https://www.youtube.com/watch?v=khSLrDjeawc
745,https://www.youtube.com/watch?v=07ni7OM9mGg
746,https://www.youtube.com/watch?v=43q_DIflYQs
747,https://www.youtube.com/watch?v=nqZnk28ckZc
748,https://www.youtube.com/watch?v=lZ3kKiz5kuQ
749,https://www.youtube.com/watch?v=vN2aluM32HA
750,https://www.youtube.com/watch?v=Ot0G-XfmGtw
751,https://www.youtube.com/watch?v=kfEEBEGJ5kk
752,https://www.youtube.com/watch?v=bKXhceZ074I
753,https://www.youtube.com/watch?v=fzk-suGcqrc
754,https://www.youtube.com/watch?v=PcRk6eM-zFg
755,https://www.youtube.com/watch?v=oH0BUZegFTM
756,https://www.youtube.com/watch?v=5Tl7W33Osvs
757,https://www.youtube.com/watch?v=EX4T9sw6zIM
758,https://www.youtube.com/watch?v=Xm_rvhfx7YU
759,https://www.youtube.com/watch?v=WZSy2ejgCRk
760,https://www.youtube.com/watch?v=seOfLFMCt20
761,https://www.youtube.com/watch?v=Mj_yuxBiFIw
762,https://www.youtube.com/watch?v=FdkanaxaCXA
763,https://www.youtube.com/watch?v=V487EZjLakg
764,https://www.youtube.com/watch?v=jC4VwRUXFVg
765,https://www.youtube.com/watch?v=4rg96dEM7Oo
766,https://www.youtube.com/watch?v=5h7u8sn9QWE
767,https://www.youtube.com/watch?v=LwyNeCnYBDs
768,https://www.youtube.com/watch?v=MomQOc57Sl0
769,https://www.youtube.com/watch?v=s6eZG7ke_m0
770,https://www.youtube.com/watch?v=hHSYEdry5vw
771,https://www.youtube.com/watch?v=DYR6LYEZsNE
772,https://www.youtube.com/watch?v=IoS-AZmea8A
773,https://www.youtube.com/watch?v=uv7p4yg7luI
774,https://www.youtube.com/watch?v=qfASIRsQrns
775,https://www.youtube.com/watch?v=o5jOI2qR0d4
776,https://www.youtube.com/watch?v=5uR_5oAvYkA
777,https://www.youtube.com/watch?v=ai7_-7YRm2o
778,https://www.youtube.com/watch?v=TI1j55bSgas
779,https://www.youtube.com/watch?v=p9BF8s8-iow
780,https://www.youtube.com/watch?v=PEgL1MMoPOA
781,https://www.youtube.com/watch?v=6iQflt97PDc
782,https://www.youtube.com/watch?v=XoqPL0nczfY
783,https://www.youtube.com/watch?v=vqnS3Oc0fDo
784,https://www.youtube.com/watch?v=zDEfjg6ylFA
785,https://www.youtube.com/watch?v=8uYzAaQR-jw
786,https://www.youtube.com/watch?v=Dels-j_wgwE
787,https://www.youtube.com/watch?v=J8VX9YmyLKg
788,https://www.youtube.com/watch?v=e6f6fbPUjus
789,https://www.youtube.com/watch?v=ITIjlB5Gj3A
790,https://www.youtube.com/watch?v=NzVrmGjsGWo
791,https://www.youtube.com/watch?v=jVKSUeGXV9w
792,https://www.youtube.com/watch?v=TGHaNo_81lk
793,https://www.youtube.com/watch?v=MGiRD8UmTuU
794,https://www.youtube.com/watch?v=05vQ08uH-s0
795,https://www.youtube.com/watch?v=utG5GqONw3A
796,https://www.youtube.com/watch?v=MATm0DepBOQ
797,https://www.youtube.com/watch?v=6VM_AlVzQ9Y
798,https://www.youtube.com/watch?v=XPdkKIgEZG8
799,https://www.youtube.com/watch?v=SqQlI8KUwG4
800,https://www.youtube.com/watch?v=Ab8yLoUzFrY
801,https://www.youtube.com/watch?v=gXdkh5ikDEI
802,https://www.youtube.com/watch?v=kFBOLmA3ipg
803,https://www.youtube.com/watch?v=ceYihltLfnQ
804,https://www.youtube.com/watch?v=E3wnxF5ezak
805,https://www.youtube.com/watch?v=stHGwCD9Gxg
806,https://www.youtube.com/watch?v=-4hJPwBgQlE
807,https://www.youtube.com/watch?v=CCkErxzgCmk
808,https://www.youtube.com/watch?v=FAQGJ0AbV58
809,https://www.youtube.com/watch?v=cJYdpzMXnXk
810,https://www.youtube.com/watch?v=tfvhFRAl37o
811,https://www.youtube.com/watch?v=zGWNCq12PIA
812,https://www.youtube.com/watch?v=9qnlBZWbmdI
813,https://www.youtube.com/watch?v=lF7Qgsp1TPw
814,https://www.youtube.com/watch?v=QnBncZ3AmY4
815,https://www.youtube.com/watch?v=ZC5b48oXylM
816,https://www.youtube.com/watch?v=seDmwOQtazU
817,https://www.youtube.com/watch?v=12s9L0VOAMA
818,https://www.youtube.com/watch?v=h4ORs9hJfiw
819,https://www.youtube.com/watch?v=yZtzc3Fbr18
820,https://www.youtube.com/watch?v=0qUsU6j1C9s
821,https://www.youtube.com/watch?v=rS1ntAirpJ8
822,https://www.youtube.com/watch?v=un-K5ZxUhhA
823,https://www.youtube.com/watch?v=0nhmW2amtuE
824,https://www.youtube.com/watch?v=ur4HKObvFF8
825,https://www.youtube.com/watch?v=rkyOJMl3chc
826,https://www.youtube.com/watch?v=rpfGyd8ZjRQ
827,https://www.youtube.com/watch?v=vMvrV25fLcQ
828,https://www.youtube.com/watch?v=YmM8SotUHGE
829,https://www.youtube.com/watch?v=NuH_68KnMYQ
830,https://www.youtube.com/watch?v=uJSy-DxkmyU
831,https://www.youtube.com/watch?v=rB_1m7PZ9zA
832,https://www.youtube.com/watch?v=fKZP-FaSs0I
833,https://www.youtube.com/watch?v=6v9uv9Gvum4
834,https://www.youtube.com/watch?v=r5PU7WcZtUQ
835,https://www.youtube.com/watch?v=1I5EX501nsE
836,https://www.youtube.com/watch?v=7zqaZJrqs4k
837,https://www.youtube.com/watch?v=Cc_wxWAUh0E
838,https://www.youtube.com/watch?v=NhBeB8pk9gg
839,https://www.youtube.com/watch?v=np3SchgmUeE
840,https://www.youtube.com/watch?v=w2Yee436F7M
841,https://www.youtube.com/watch?v=ZouCqwGedoM
842,https://www.youtube.com/watch?v=UL4eJiTzrm0
843,https://www.youtube.com/watch?v=bWsT0HnA0Ug
844,https://www.youtube.com/watch?v=SQmOZD5NOvA
845,https://www.youtube.com/watch?v=cNW1v8v4UWs
846,https://www.youtube.com/watch?v=TrVq9H5MJ2I
847,https://www.youtube.com/watch?v=ILWO60Qija8
848,https://www.youtube.com/watch?v=7DKqFV5uqvU
849,https://www.youtube.com/watch?v=yAzt8oZy2GE
850,https://www.youtube.com/watch?v=E4GeKVPdekY
851,https://www.youtube.com/watch?v=5_QpfvRB9n0
852,https://www.youtube.com/watch?v=QJF8kLniCT8
853,https://www.youtube.com/watch?v=1ANrvtRzCC0
854,https://www.youtube.com/watch?v=RXsZB4_Fevs
855,https://www.youtube.com/watch?v=5lWpnm9a__g
856,https://www.youtube.com/watch?v=IYv4VhwGmLg
857,https://www.youtube.com/watch?v=j8ndJ6aIXzE
858,https://www.youtube.com/watch?v=BtEp9ZC4PUE
859,https://www.youtube.com/watch?v=dSehHNDMLm8
860,https://www.youtube.com/watch?v=dayv_hfB0dA
861,https://www.youtube.com/watch?v=MKLvpeczSu0
862,https://www.youtube.com/watch?v=GEePAxW02gU
863,https://www.youtube.com/watch?v=5WNOndrvez8
864,https://www.youtube.com/watch?v=u3YCRHRej0U
865,https://www.youtube.com/watch?v=-Q0o0pHRPs4
866,https://www.youtube.com/watch?v=e-56KsM4HMA
867,https://www.youtube.com/watch?v=31KddRm1XRw
868,https://www.youtube.com/watch?v=JH7Tapffktw
869,https://www.youtube.com/watch?v=Oho5VJZRDZ8
870,https://www.youtube.com/watch?v=d8dlz5LWq3E
871,https://www.youtube.com/watch?v=40Z4a2rMYEA
872,https://www.youtube.com/watch?v=ryok9eUQvDs
873,https://www.youtube.com/watch?v=36u782fl0dM
874,https://www.youtube.com/watch?v=siPpOwrorm4
875,https://www.youtube.com/watch?v=a6Xn4TR0WDk
876,https://www.youtube.com/watch?v=aB5xGd6hZmQ
877,https://www.youtube.com/watch?v=4dR5lbF5-wo
878,https://www.youtube.com/watch?v=5DBBCu7mknw
879,https://www.youtube.com/watch?v=sdLnieL90d0
880,https://www.youtube.com/watch?v=JMAu_mCxoII
881,https://www.youtube.com/watch?v=plq-mAQLPgM
882,https://www.youtube.com/watch?v=d7ponUdlFLw
883,https://www.youtube.com/watch?v=4QUzf-J0w_o
884,https://www.youtube.com/watch?v=b5hZVDoifHo
885,https://www.youtube.com/watch?v=Bnny0jl3Mhw
886,https://www.youtube.com/watch?v=Slp7Xrt3FIc
887,https://www.youtube.com/watch?v=zTeG7lbKj4o
888,https://www.youtube.com/watch?v=5dguCQB_KTg
889,https://www.youtube.com/watch?v=6L6yTGm1JN8
890,https://www.youtube.com/watch?v=mku7SeEexys
891,https://www.youtube.com/watch?v=CchdJymN4nY
892,https://www.youtube.com/watch?v=D6aomhYrB7Q
893,https://www.youtube.com/watch?v=R2A832xyz1U
894,https://www.youtube.com/watch?v=rZbjj3gSeQQ
895,https://www.youtube.com/watch?v=9nfbgtOe86M
896,https://www.youtube.com/watch?v=fXwS-QFTwDA
897,https://www.youtube.com/watch?v=47Pg3Ksb9tA
898,https://www.youtube.com/watch?v=elWEfgieV88
899,https://www.youtube.com/watch?v=YOzXAGdGqqk
900,https://www.youtube.com/watch?v=m8rFSVa3Bak
901,https://www.youtube.com/watch?v=xUWPpS8qsLY
902,https://www.youtube.com/watch?v=CZPoEXs8kIE
903,https://www.youtube.com/watch?v=HunNbpOon0A
904,https://www.youtube.com/watch?v=5M4_sKTNzsM
905,https://www.youtube.com/watch?v=GRd1uJGlNM8
906,https://www.youtube.com/watch?v=HddQwTFfba0
907,https://www.youtube.com/watch?v=M1AGhUY6S4g
908,https://www.youtube.com/watch?v=_udls4zplnk
909,https://www.youtube.com/watch?v=PZyRctZQ-b0
910,https://www.youtube.com/watch?v=_G5f9pymvtA
911,https://www.youtube.com/watch?v=_QcWnDJnFD4
912,https://www.youtube.com/watch?v=KDEiS2CO8cY
913,https://www.youtube.com/watch?v=uLwvEX9PlTY
914,https://www.youtube.com/watch?v=1pzQT2wSpUA
915,https://www.youtube.com/watch?v=1-NYrtftSHw
916,https://www.youtube.com/watch?v=sYUPdTRAtk8
917,https://www.youtube.com/watch?v=oiubgf4f9TE
918,https://www.youtube.com/watch?v=YuWwQGiRy9U
919,https://www.youtube.com/watch?v=77CInH3R-W8
920,https://www.youtube.com/watch?v=JNKQPQbs7kY
921,https://www.youtube.com/watch?v=NPqudcV5iQg
922,https://www.youtube.com/watch?v=-kHw8WGrp6g
923,https://www.youtube.com/watch?v=vWLTNZA1rbc
924,https://www.youtube.com/watch?v=wumhqt6x-us
925,https://www.youtube.com/watch?v=5t8GIpf5W1Y
926,https://www.youtube.com/watch?v=TCH49I-2xB0
927,https://www.youtube.com/watch?v=S9Bl-2yrHH0
928,https://www.youtube.com/watch?v=4FcYXfEOCPU
929,https://www.youtube.com/watch?v=8jf_yMstmrs
930,https://www.youtube.com/watch?v=ltBUyQpy6a4
931,https://www.youtube.com/watch?v=KxLbWF5yP30
932,https://www.youtube.com/watch?v=UIn0zF-TvrQ
933,https://www.youtube.com/watch?v=wlQIecO87pU
934,https://www.youtube.com/watch?v=Nf4JRUDYogE
935,https://www.youtube.com/watch?v=_9xnUuvhAIU
936,https://www.youtube.com/watch?v=B0p30PW3DQw
937,https://www.youtube.com/watch?v=0U6OQZOnv9k
938,https://www.youtube.com/watch?v=jc27n_WOIHQ
939,https://www.youtube.com/watch?v=pi3IQD5qmS4
940,https://www.youtube.com/watch?v=QiFfhi_dgAw
941,https://www.youtube.com/watch?v=6x0q8DOg9v8
942,https://www.youtube.com/watch?v=-6IzsT54i-U
943,https://www.youtube.com/watch?v=EhJkQEwFmjs
944,https://www.youtube.com/watch?v=Uum4tv7hxCc
945,https://www.youtube.com/watch?v=VXe2gGpg1cw
946,https://www.youtube.com/watch?v=DrPplxVL6Zo
947,https://www.youtube.com/watch?v=_C-d8z0uF5E
948,https://www.youtube.com/watch?v=ht2S-WXDSeE
949,https://www.youtube.com/watch?v=UANbWY2W__g
950,https://www.youtube.com/watch?v=IIGEElOsoJw
951,https://www.youtube.com/watch?v=v1IDUs9BrfE
952,https://www.youtube.com/watch?v=1lR4k6QWPMg
953,https://www.youtube.com/watch?v=Sv1-xSitAl8
954,https://www.youtube.com/watch?v=8uHN2aYgplM
955,https://www.youtube.com/watch?v=JxsOdy0oZ0k
956,https://www.youtube.com/watch?v=nSjmt5WNl6g
957,https://www.youtube.com/watch?v=sZAtPvdgTM0
958,https://www.youtube.com/watch?v=7ju6tnep-pU
959,https://www.youtube.com/watch?v=CBlv26LaZyQ
960,https://www.youtube.com/watch?v=ZQJ7XOKWYvU
961,https://www.youtube.com/watch?v=6_JzM8mYNK0
962,https://www.youtube.com/watch?v=IW5o0_knatY
963,https://www.youtube.com/watch?v=51E1PKiIl5M
964,https://www.youtube.com/watch?v=3WEW1NZW8MI
965,https://www.youtube.com/watch?v=KTxDajjD3SA
966,https://www.youtube.com/watch?v=G2pJ_JfOe14
967,https://www.youtube.com/watch?v=FBqo7zFfzpE
968,https://www.youtube.com/watch?v=ZKbCfqGLA1w
969,https://www.youtube.com/watch?v=uA5Jgc42Ky0
970,https://www.youtube.com/watch?v=o9cKeHayIiM
971,https://www.youtube.com/watch?v=jeECBhU9EcM
972,https://www.youtube.com/watch?v=pojl7Eafc8A
973,https://www.youtube.com/watch?v=Fp_3LaKYXzI
974,https://www.youtube.com/watch?v=E7eAM7r6j0M
975,https://www.youtube.com/watch?v=Ehj84kp1jVI
976,https://www.youtube.com/watch?v=9Smm2-xzyCc
977,https://www.youtube.com/watch?v=sY6tEfRGDjI
978,https://www.youtube.com/watch?v=hwi40NWitVU
979,https://www.youtube.com/watch?v=BcRRpfhV-4k
980,https://www.youtube.com/watch?v=4o-ny9Z0ldM
981,https://www.youtube.com/watch?v=_XTK3-GPUfQ
982,https://www.youtube.com/watch?v=NmxuxEiKorc
983,https://www.youtube.com/watch?v=QjDJenETiE8
984,https://www.youtube.com/watch?v=r_g30fBYLr0
985,https://www.youtube.com/watch?v=7_brSXi5m88
986,https://www.youtube.com/watch?v=BtvWJb5Q_xQ
987,https://www.youtube.com/watch?v=gcnHddT-FP8
988,https://www.youtube.com/watch?v=EGi4eEOWj9A
989,https://www.youtube.com/watch?v=YJmXz_seZKM
990,https://www.youtube.com/watch?v=Eu2-hMfa2Bo
991,https://www.youtube.com/watch?v=dixTuwVQqoE
992,https://www.youtube.com/watch?v=BbIgTUXS48c
993,https://www.youtube.com/watch?v=FOQeKeKNXLU
994,https://www.youtube.com/watch?v=pbIIO5OI1cU
995,https://www.youtube.com/watch?v=vJYfQ6XMYdc
996,https://www.youtube.com/watch?v=6QIkSikSCdY
997,https://www.youtube.com/watch?v=TwGRS8IldH0
998,https://www.youtube.com/watch?v=J13ohRUJpWQ
999,https://www.youtube.com/watch?v=rwOoAN5Xtcc
1000,https://www.youtube.com/watch?v=XYqkOxZMsfU
1001,https://www.youtube.com/watch?v=KW6E51xXcWc
1002,https://www.youtube.com/watch?v=5JBfQYh5NIA
1003,https://www.youtube.com/watch?v=rIcn-BYYmM0
1004,https://www.youtube.com/watch?v=IU2ZiNeO4P8
1005,https://www.youtube.com/watch?v=9VuPQTyQmHk
1006,https://www.youtube.com/watch?v=PkSx0HiA_vM
1007,https://www.youtube.com/watch?v=j0ACZrDC73w
1008,https://www.youtube.com/watch?v=U22Ubi_7Q10
1009,https://www.youtube.com/watch?v=H8CmqVTGwyk
1010,https://www.youtube.com/watch?v=qZfwP5espDM
1011,https://www.youtube.com/watch?v=doChn8fLXEk
1012,https://www.youtube.com/watch?v=YyUbnGWktek
1013,https://www.youtube.com/watch?v=ECbYagwc5yQ
1014,https://www.youtube.com/watch?v=UDf2KBTkC80
1015,https://www.youtube.com/watch?v=urF9SRtrImg
1016,https://www.youtube.com/watch?v=O_0cpXNP_X0
1017,https://www.youtube.com/watch?v=_sWt2Tiq7pw
1018,https://www.youtube.com/watch?v=P1dUTNIZ1W0
1019,https://www.youtube.com/watch?v=oDCRXhR5n2g
1020,https://www.youtube.com/watch?v=WcnjUDju9fA
1021,https://www.youtube.com/watch?v=p1_NpFtNtPk
1022,https://www.youtube.com/watch?v=90M2plOnhvQ
1023,https://www.youtube.com/watch?v=aQbDwKLPU9U
1024,https://www.youtube.com/watch?v=9fdoLPWAoVM
1025,https://www.youtube.com/watch?v=bQKbRyPv6Qc
1026,https://www.youtube.com/watch?v=6wDMhLNlNes
1027,https://www.youtube.com/watch?v=dAXMyO-B8OY
1028,https://www.youtube.com/watch?v=ijEb3cZIFFU
1029,https://www.youtube.com/watch?v=NbuVs-QTCXY
1030,https://www.youtube.com/watch?v=FTWn8n_C-3k
1031,https://www.youtube.com/watch?v=XC-BwzHt7yg
1032,https://www.youtube.com/watch?v=Hb6aONNxHUE
1033,https://www.youtube.com/watch?v=Df4zBtnDvpI
1034,https://www.youtube.com/watch?v=Jtu5MiFFg1E
1035,https://www.youtube.com/watch?v=hE-k_SUKGCs
1036,https://www.youtube.com/watch?v=K0iN4ArK5Y4
1037,https://www.youtube.com/watch?v=Q6pu9Ixqqxo
1038,https://www.youtube.com/watch?v=IWzwAmjaqtw
1039,https://www.youtube.com/watch?v=BiUlgGaFBec
1040,https://www.youtube.com/watch?v=1ZzFHyZeQ4Y
1041,https://www.youtube.com/watch?v=dyDYMP4BhGI
1042,https://www.youtube.com/watch?v=Y3vBd14c5C4
1043,https://www.youtube.com/watch?v=wBjBs0VibaY
1044,https://www.youtube.com/watch?v=Ei8__34FEcc
1045,https://www.youtube.com/watch?v=8Y0SY6OoKV8
1046,https://www.youtube.com/watch?v=l1TmgZtve2k
1047,https://www.youtube.com/watch?v=c-n6RN8a2Zo
1048,https://www.youtube.com/watch?v=2YSdluG7CLs
1049,https://www.youtube.com/watch?v=OjyPy_4eVdw
1050,https://www.youtube.com/watch?v=uEO_Jg3mXuo
1051,https://www.youtube.com/watch?v=cnRxYKn8rFA
1052,https://www.youtube.com/watch?v=5aTeihkBeCU
1053,https://www.youtube.com/watch?v=gQf-3mlp1FA
1054,https://www.youtube.com/watch?v=7s8_wWWV-FI
1055,https://www.youtube.com/watch?v=_ney94_mPl4
1056,https://www.youtube.com/watch?v=K6u5dn9SkSU
1057,https://www.youtube.com/watch?v=XrcXQFyXDfI
1058,https://www.youtube.com/watch?v=_-K6-JL2C2c
1059,https://www.youtube.com/watch?v=oIuKUreV0QQ
1060,https://www.youtube.com/watch?v=MfqdZEkhlts
1061,https://www.youtube.com/watch?v=pFy3NvueWFA
1062,https://www.youtube.com/watch?v=1Dioeg9TOvE
1063,https://www.youtube.com/watch?v=eLRIhlouwUY
1064,https://www.youtube.com/watch?v=bLNUB8Vk1HY
1065,https://www.youtube.com/watch?v=epoamTDwyy0
1066,https://www.youtube.com/watch?v=kEESt-f_TX0
1067,https://www.youtube.com/watch?v=L_mh2ROvqMY
1068,https://www.youtube.com/watch?v=HsJFUHPdDkk
1069,https://www.youtube.com/watch?v=AbWWtb40Nw4
1070,https://www.youtube.com/watch?v=WlQdbgW8QrA
1071,https://www.youtube.com/watch?v=7i9DIWIojdQ
1072,https://www.youtube.com/watch?v=LHWuIGoL3mk
1073,https://www.youtube.com/watch?v=m4KY1u49UpA
1074,https://www.youtube.com/watch?v=0z6PX_hohdc
1075,https://www.youtube.com/watch?v=EzQkZSld_qU
1076,https://www.youtube.com/watch?v=xinaBZieKhs
1077,https://www.youtube.com/watch?v=RDIXgwXDC4M
1078,https://www.youtube.com/watch?v=bLwO0B1otgA
1079,https://www.youtube.com/watch?v=69v8AhUxqtg
1080,https://www.youtube.com/watch?v=frULGKArDNk
1081,https://www.youtube.com/watch?v=dfyaeZAicXE
1082,https://www.youtube.com/watch?v=eOYSS02TuqY
1083,https://www.youtube.com/watch?v=raJuuqoMQfg
1084,https://www.youtube.com/watch?v=D8TYIYHwiY0
1085,https://www.youtube.com/watch?v=wS5rR32BqEo
1086,https://www.youtube.com/watch?v=aEte7A35uEw
1087,https://www.youtube.com/watch?v=NvMqkOxmasI
1088,https://www.youtube.com/watch?v=86zK1_1QK88
1089,https://www.youtube.com/watch?v=6R415oYu7kc
1090,https://www.youtube.com/watch?v=Xsp0_IupS0U
1091,https://www.youtube.com/watch?v=HKB2H7IM6NY
1092,https://www.youtube.com/watch?v=nUucyfWpL0A
1093,https://www.youtube.com/watch?v=ZdgSoIebQKI
1094,https://www.youtube.com/watch?v=QLo0GQmCaIw
1095,https://www.youtube.com/watch?v=Qa-HfzHH4eQ
1096,https://www.youtube.com/watch?v=M1IFV8FD1Yg
1097,https://www.youtube.com/watch?v=NllAZ1_JiXI
1098,https://www.youtube.com/watch?v=j4s_k8Ppgfw
1099,https://www.youtube.com/watch?v=H7JudzQFnUA
1100,https://www.youtube.com/watch?v=bTcKqTIs8A4
1101,https://www.youtube.com/watch?v=1sdNnolktR4
1102,https://www.youtube.com/watch?v=EYfpj36MTLQ
1103,https://www.youtube.com/watch?v=Rae8dIQintg
1104,https://www.youtube.com/watch?v=3dnuiikRXDM
1105,https://www.youtube.com/watch?v=oyiIMbprHZg
1106,https://www.youtube.com/watch?v=bOvpIGcKWSk
1107,https://www.youtube.com/watch?v=ZPav0GvwPg0
1108,https://www.youtube.com/watch?v=ujBWTNqxXAM
1109,https://www.youtube.com/watch?v=LfSU64pBk44
1110,https://www.youtube.com/watch?v=aCr2GxSMzL0
1111,https://www.youtube.com/watch?v=bT5VvcdGdIM
1112,https://www.youtube.com/watch?v=kSlcEC-KaYQ
1113,https://www.youtube.com/watch?v=AzWCDCFydR0
1114,https://www.youtube.com/watch?v=YPK-IcWwj2g
1115,https://www.youtube.com/watch?v=VhF6u-csWiI
1116,https://www.youtube.com/watch?v=Okv7EZL0dhc
1117,https://www.youtube.com/watch?v=s0f-jNy0IW0
1118,https://www.youtube.com/watch?v=NSj7CMSulqA
1119,https://www.youtube.com/watch?v=DiEiQhHYzI8
1120,https://www.youtube.com/watch?v=89kXffwWuDU
1121,https://www.youtube.com/watch?v=yTO3t_klTkA
1122,https://www.youtube.com/watch?v=YkgqGHHXmCg
1123,https://www.youtube.com/watch?v=jQ5PcLTamMA
1124,https://www.youtube.com/watch?v=rPCefhL-JLU
